--
-- PostgreSQL database dump
--

-- Dumped from database version 17.4
-- Dumped by pg_dump version 17.4

SET statement_timeout = 0;
SET lock_timeout = 0;
SET idle_in_transaction_session_timeout = 0;
SET transaction_timeout = 0;
SET client_encoding = 'UTF8';
SET standard_conforming_strings = on;
SELECT pg_catalog.set_config('search_path', '', false);
SET check_function_bodies = false;
SET xmloption = content;
SET client_min_messages = warning;
SET row_security = off;

SET default_tablespace = '';

SET default_table_access_method = heap;

--
-- Name: auth_group; Type: TABLE; Schema: public; Owner: rr
--

CREATE TABLE public.auth_group (
    id integer NOT NULL,
    name character varying(150) NOT NULL
);


ALTER TABLE public.auth_group OWNER TO rr;

--
-- Name: auth_group_id_seq; Type: SEQUENCE; Schema: public; Owner: rr
--

ALTER TABLE public.auth_group ALTER COLUMN id ADD GENERATED BY DEFAULT AS IDENTITY (
    SEQUENCE NAME public.auth_group_id_seq
    START WITH 1
    INCREMENT BY 1
    NO MINVALUE
    NO MAXVALUE
    CACHE 1
);


--
-- Name: auth_group_permissions; Type: TABLE; Schema: public; Owner: rr
--

CREATE TABLE public.auth_group_permissions (
    id bigint NOT NULL,
    group_id integer NOT NULL,
    permission_id integer NOT NULL
);


ALTER TABLE public.auth_group_permissions OWNER TO rr;

--
-- Name: auth_group_permissions_id_seq; Type: SEQUENCE; Schema: public; Owner: rr
--

ALTER TABLE public.auth_group_permissions ALTER COLUMN id ADD GENERATED BY DEFAULT AS IDENTITY (
    SEQUENCE NAME public.auth_group_permissions_id_seq
    START WITH 1
    INCREMENT BY 1
    NO MINVALUE
    NO MAXVALUE
    CACHE 1
);


--
-- Name: auth_permission; Type: TABLE; Schema: public; Owner: rr
--

CREATE TABLE public.auth_permission (
    id integer NOT NULL,
    name character varying(255) NOT NULL,
    content_type_id integer NOT NULL,
    codename character varying(100) NOT NULL
);


ALTER TABLE public.auth_permission OWNER TO rr;

--
-- Name: auth_permission_id_seq; Type: SEQUENCE; Schema: public; Owner: rr
--

ALTER TABLE public.auth_permission ALTER COLUMN id ADD GENERATED BY DEFAULT AS IDENTITY (
    SEQUENCE NAME public.auth_permission_id_seq
    START WITH 1
    INCREMENT BY 1
    NO MINVALUE
    NO MAXVALUE
    CACHE 1
);


--
-- Name: auth_user; Type: TABLE; Schema: public; Owner: rr
--

CREATE TABLE public.auth_user (
    id integer NOT NULL,
    password character varying(128) NOT NULL,
    last_login timestamp with time zone,
    is_superuser boolean NOT NULL,
    username character varying(150) NOT NULL,
    first_name character varying(150) NOT NULL,
    last_name character varying(150) NOT NULL,
    email character varying(254) NOT NULL,
    is_staff boolean NOT NULL,
    is_active boolean NOT NULL,
    date_joined timestamp with time zone NOT NULL
);


ALTER TABLE public.auth_user OWNER TO rr;

--
-- Name: auth_user_groups; Type: TABLE; Schema: public; Owner: rr
--

CREATE TABLE public.auth_user_groups (
    id bigint NOT NULL,
    user_id integer NOT NULL,
    group_id integer NOT NULL
);


ALTER TABLE public.auth_user_groups OWNER TO rr;

--
-- Name: auth_user_groups_id_seq; Type: SEQUENCE; Schema: public; Owner: rr
--

ALTER TABLE public.auth_user_groups ALTER COLUMN id ADD GENERATED BY DEFAULT AS IDENTITY (
    SEQUENCE NAME public.auth_user_groups_id_seq
    START WITH 1
    INCREMENT BY 1
    NO MINVALUE
    NO MAXVALUE
    CACHE 1
);


--
-- Name: auth_user_id_seq; Type: SEQUENCE; Schema: public; Owner: rr
--

ALTER TABLE public.auth_user ALTER COLUMN id ADD GENERATED BY DEFAULT AS IDENTITY (
    SEQUENCE NAME public.auth_user_id_seq
    START WITH 1
    INCREMENT BY 1
    NO MINVALUE
    NO MAXVALUE
    CACHE 1
);


--
-- Name: auth_user_user_permissions; Type: TABLE; Schema: public; Owner: rr
--

CREATE TABLE public.auth_user_user_permissions (
    id bigint NOT NULL,
    user_id integer NOT NULL,
    permission_id integer NOT NULL
);


ALTER TABLE public.auth_user_user_permissions OWNER TO rr;

--
-- Name: auth_user_user_permissions_id_seq; Type: SEQUENCE; Schema: public; Owner: rr
--

ALTER TABLE public.auth_user_user_permissions ALTER COLUMN id ADD GENERATED BY DEFAULT AS IDENTITY (
    SEQUENCE NAME public.auth_user_user_permissions_id_seq
    START WITH 1
    INCREMENT BY 1
    NO MINVALUE
    NO MAXVALUE
    CACHE 1
);


--
-- Name: bar_barcategory; Type: TABLE; Schema: public; Owner: rr
--

CREATE TABLE public.bar_barcategory (
    id bigint NOT NULL,
    name character varying(100) NOT NULL,
    description text NOT NULL
);


ALTER TABLE public.bar_barcategory OWNER TO rr;

--
-- Name: bar_barcategory_id_seq; Type: SEQUENCE; Schema: public; Owner: rr
--

ALTER TABLE public.bar_barcategory ALTER COLUMN id ADD GENERATED BY DEFAULT AS IDENTITY (
    SEQUENCE NAME public.bar_barcategory_id_seq
    START WITH 1
    INCREMENT BY 1
    NO MINVALUE
    NO MAXVALUE
    CACHE 1
);


--
-- Name: bar_bargallery; Type: TABLE; Schema: public; Owner: rr
--

CREATE TABLE public.bar_bargallery (
    id bigint NOT NULL,
    image character varying(100) NOT NULL,
    caption character varying(255) NOT NULL,
    uploaded_at timestamp with time zone NOT NULL
);


ALTER TABLE public.bar_bargallery OWNER TO rr;

--
-- Name: bar_bargallery_id_seq; Type: SEQUENCE; Schema: public; Owner: rr
--

ALTER TABLE public.bar_bargallery ALTER COLUMN id ADD GENERATED BY DEFAULT AS IDENTITY (
    SEQUENCE NAME public.bar_bargallery_id_seq
    START WITH 1
    INCREMENT BY 1
    NO MINVALUE
    NO MAXVALUE
    CACHE 1
);


--
-- Name: bar_barmenuitem; Type: TABLE; Schema: public; Owner: rr
--

CREATE TABLE public.bar_barmenuitem (
    id bigint NOT NULL,
    name character varying(100) NOT NULL,
    description text NOT NULL,
    price numeric(8,2) NOT NULL,
    image character varying(100),
    category_id bigint
);


ALTER TABLE public.bar_barmenuitem OWNER TO rr;

--
-- Name: bar_barmenuitem_id_seq; Type: SEQUENCE; Schema: public; Owner: rr
--

ALTER TABLE public.bar_barmenuitem ALTER COLUMN id ADD GENERATED BY DEFAULT AS IDENTITY (
    SEQUENCE NAME public.bar_barmenuitem_id_seq
    START WITH 1
    INCREMENT BY 1
    NO MINVALUE
    NO MAXVALUE
    CACHE 1
);


--
-- Name: conference_conferencebooking; Type: TABLE; Schema: public; Owner: rr
--

CREATE TABLE public.conference_conferencebooking (
    id bigint NOT NULL,
    booker_name character varying(100) NOT NULL,
    booker_email character varying(254) NOT NULL,
    date date NOT NULL,
    start_time time without time zone NOT NULL,
    end_time time without time zone NOT NULL,
    created_at timestamp with time zone NOT NULL,
    conference_room_id bigint NOT NULL
);


ALTER TABLE public.conference_conferencebooking OWNER TO rr;

--
-- Name: conference_conferencebooking_id_seq; Type: SEQUENCE; Schema: public; Owner: rr
--

ALTER TABLE public.conference_conferencebooking ALTER COLUMN id ADD GENERATED BY DEFAULT AS IDENTITY (
    SEQUENCE NAME public.conference_conferencebooking_id_seq
    START WITH 1
    INCREMENT BY 1
    NO MINVALUE
    NO MAXVALUE
    CACHE 1
);


--
-- Name: conference_conferenceroom; Type: TABLE; Schema: public; Owner: rr
--

CREATE TABLE public.conference_conferenceroom (
    id bigint NOT NULL,
    name character varying(100) NOT NULL,
    description text NOT NULL,
    capacity integer NOT NULL,
    amenities text NOT NULL,
    price_per_hour numeric(8,2) NOT NULL,
    image character varying(100),
    CONSTRAINT conference_conferenceroom_capacity_check CHECK ((capacity >= 0))
);


ALTER TABLE public.conference_conferenceroom OWNER TO rr;

--
-- Name: conference_conferenceroom_id_seq; Type: SEQUENCE; Schema: public; Owner: rr
--

ALTER TABLE public.conference_conferenceroom ALTER COLUMN id ADD GENERATED BY DEFAULT AS IDENTITY (
    SEQUENCE NAME public.conference_conferenceroom_id_seq
    START WITH 1
    INCREMENT BY 1
    NO MINVALUE
    NO MAXVALUE
    CACHE 1
);


--
-- Name: contact_contactmessage; Type: TABLE; Schema: public; Owner: rr
--

CREATE TABLE public.contact_contactmessage (
    id bigint NOT NULL,
    name character varying(100) NOT NULL,
    email character varying(254) NOT NULL,
    subject character varying(200) NOT NULL,
    message text NOT NULL,
    created_at timestamp with time zone NOT NULL
);


ALTER TABLE public.contact_contactmessage OWNER TO rr;

--
-- Name: contact_contactmessage_id_seq; Type: SEQUENCE; Schema: public; Owner: rr
--

ALTER TABLE public.contact_contactmessage ALTER COLUMN id ADD GENERATED BY DEFAULT AS IDENTITY (
    SEQUENCE NAME public.contact_contactmessage_id_seq
    START WITH 1
    INCREMENT BY 1
    NO MINVALUE
    NO MAXVALUE
    CACHE 1
);


--
-- Name: django_admin_log; Type: TABLE; Schema: public; Owner: rr
--

CREATE TABLE public.django_admin_log (
    id integer NOT NULL,
    action_time timestamp with time zone NOT NULL,
    object_id text,
    object_repr character varying(200) NOT NULL,
    action_flag smallint NOT NULL,
    change_message text NOT NULL,
    content_type_id integer,
    user_id integer NOT NULL,
    CONSTRAINT django_admin_log_action_flag_check CHECK ((action_flag >= 0))
);


ALTER TABLE public.django_admin_log OWNER TO rr;

--
-- Name: django_admin_log_id_seq; Type: SEQUENCE; Schema: public; Owner: rr
--

ALTER TABLE public.django_admin_log ALTER COLUMN id ADD GENERATED BY DEFAULT AS IDENTITY (
    SEQUENCE NAME public.django_admin_log_id_seq
    START WITH 1
    INCREMENT BY 1
    NO MINVALUE
    NO MAXVALUE
    CACHE 1
);


--
-- Name: django_content_type; Type: TABLE; Schema: public; Owner: rr
--

CREATE TABLE public.django_content_type (
    id integer NOT NULL,
    app_label character varying(100) NOT NULL,
    model character varying(100) NOT NULL
);


ALTER TABLE public.django_content_type OWNER TO rr;

--
-- Name: django_content_type_id_seq; Type: SEQUENCE; Schema: public; Owner: rr
--

ALTER TABLE public.django_content_type ALTER COLUMN id ADD GENERATED BY DEFAULT AS IDENTITY (
    SEQUENCE NAME public.django_content_type_id_seq
    START WITH 1
    INCREMENT BY 1
    NO MINVALUE
    NO MAXVALUE
    CACHE 1
);


--
-- Name: django_migrations; Type: TABLE; Schema: public; Owner: rr
--

CREATE TABLE public.django_migrations (
    id bigint NOT NULL,
    app character varying(255) NOT NULL,
    name character varying(255) NOT NULL,
    applied timestamp with time zone NOT NULL
);


ALTER TABLE public.django_migrations OWNER TO rr;

--
-- Name: django_migrations_id_seq; Type: SEQUENCE; Schema: public; Owner: rr
--

ALTER TABLE public.django_migrations ALTER COLUMN id ADD GENERATED BY DEFAULT AS IDENTITY (
    SEQUENCE NAME public.django_migrations_id_seq
    START WITH 1
    INCREMENT BY 1
    NO MINVALUE
    NO MAXVALUE
    CACHE 1
);


--
-- Name: django_session; Type: TABLE; Schema: public; Owner: rr
--

CREATE TABLE public.django_session (
    session_key character varying(40) NOT NULL,
    session_data text NOT NULL,
    expire_date timestamp with time zone NOT NULL
);


ALTER TABLE public.django_session OWNER TO rr;

--
-- Name: events_event; Type: TABLE; Schema: public; Owner: rr
--

CREATE TABLE public.events_event (
    id bigint NOT NULL,
    title character varying(200) NOT NULL,
    description text NOT NULL,
    date date NOT NULL,
    "time" time without time zone NOT NULL,
    location character varying(255) NOT NULL,
    image character varying(100)
);


ALTER TABLE public.events_event OWNER TO rr;

--
-- Name: events_event_id_seq; Type: SEQUENCE; Schema: public; Owner: rr
--

ALTER TABLE public.events_event ALTER COLUMN id ADD GENERATED BY DEFAULT AS IDENTITY (
    SEQUENCE NAME public.events_event_id_seq
    START WITH 1
    INCREMENT BY 1
    NO MINVALUE
    NO MAXVALUE
    CACHE 1
);


--
-- Name: events_eventbooking; Type: TABLE; Schema: public; Owner: rr
--

CREATE TABLE public.events_eventbooking (
    id bigint NOT NULL,
    attendee_name character varying(100) NOT NULL,
    attendee_email character varying(254) NOT NULL,
    created_at timestamp with time zone NOT NULL,
    event_id bigint NOT NULL
);


ALTER TABLE public.events_eventbooking OWNER TO rr;

--
-- Name: events_eventbooking_id_seq; Type: SEQUENCE; Schema: public; Owner: rr
--

ALTER TABLE public.events_eventbooking ALTER COLUMN id ADD GENERATED BY DEFAULT AS IDENTITY (
    SEQUENCE NAME public.events_eventbooking_id_seq
    START WITH 1
    INCREMENT BY 1
    NO MINVALUE
    NO MAXVALUE
    CACHE 1
);


--
-- Name: lodging_booking; Type: TABLE; Schema: public; Owner: rr
--

CREATE TABLE public.lodging_booking (
    id bigint NOT NULL,
    guest_name character varying(100) NOT NULL,
    guest_email character varying(254) NOT NULL,
    check_in date NOT NULL,
    check_out date NOT NULL,
    created_at timestamp with time zone NOT NULL,
    room_id bigint NOT NULL
);


ALTER TABLE public.lodging_booking OWNER TO rr;

--
-- Name: lodging_booking_id_seq; Type: SEQUENCE; Schema: public; Owner: rr
--

ALTER TABLE public.lodging_booking ALTER COLUMN id ADD GENERATED BY DEFAULT AS IDENTITY (
    SEQUENCE NAME public.lodging_booking_id_seq
    START WITH 1
    INCREMENT BY 1
    NO MINVALUE
    NO MAXVALUE
    CACHE 1
);


--
-- Name: lodging_room; Type: TABLE; Schema: public; Owner: rr
--

CREATE TABLE public.lodging_room (
    id bigint NOT NULL,
    number character varying(10) NOT NULL,
    is_available boolean NOT NULL,
    room_type_id bigint NOT NULL
);


ALTER TABLE public.lodging_room OWNER TO rr;

--
-- Name: lodging_room_id_seq; Type: SEQUENCE; Schema: public; Owner: rr
--

ALTER TABLE public.lodging_room ALTER COLUMN id ADD GENERATED BY DEFAULT AS IDENTITY (
    SEQUENCE NAME public.lodging_room_id_seq
    START WITH 1
    INCREMENT BY 1
    NO MINVALUE
    NO MAXVALUE
    CACHE 1
);


--
-- Name: lodging_roomtype; Type: TABLE; Schema: public; Owner: rr
--

CREATE TABLE public.lodging_roomtype (
    id bigint NOT NULL,
    name character varying(100) NOT NULL,
    description text NOT NULL,
    price_per_night numeric(8,2) NOT NULL,
    amenities text NOT NULL,
    image character varying(100)
);


ALTER TABLE public.lodging_roomtype OWNER TO rr;

--
-- Name: lodging_roomtype_id_seq; Type: SEQUENCE; Schema: public; Owner: rr
--

ALTER TABLE public.lodging_roomtype ALTER COLUMN id ADD GENERATED BY DEFAULT AS IDENTITY (
    SEQUENCE NAME public.lodging_roomtype_id_seq
    START WITH 1
    INCREMENT BY 1
    NO MINVALUE
    NO MAXVALUE
    CACHE 1
);


--
-- Name: menu_category; Type: TABLE; Schema: public; Owner: rr
--

CREATE TABLE public.menu_category (
    id bigint NOT NULL,
    name character varying(100) NOT NULL,
    description text NOT NULL
);


ALTER TABLE public.menu_category OWNER TO rr;

--
-- Name: menu_category_id_seq; Type: SEQUENCE; Schema: public; Owner: rr
--

ALTER TABLE public.menu_category ALTER COLUMN id ADD GENERATED BY DEFAULT AS IDENTITY (
    SEQUENCE NAME public.menu_category_id_seq
    START WITH 1
    INCREMENT BY 1
    NO MINVALUE
    NO MAXVALUE
    CACHE 1
);


--
-- Name: menu_menuitem; Type: TABLE; Schema: public; Owner: rr
--

CREATE TABLE public.menu_menuitem (
    id bigint NOT NULL,
    name character varying(100) NOT NULL,
    description text NOT NULL,
    price numeric(8,2) NOT NULL,
    image character varying(100),
    category_id bigint NOT NULL
);


ALTER TABLE public.menu_menuitem OWNER TO rr;

--
-- Name: menu_menuitem_id_seq; Type: SEQUENCE; Schema: public; Owner: rr
--

ALTER TABLE public.menu_menuitem ALTER COLUMN id ADD GENERATED BY DEFAULT AS IDENTITY (
    SEQUENCE NAME public.menu_menuitem_id_seq
    START WITH 1
    INCREMENT BY 1
    NO MINVALUE
    NO MAXVALUE
    CACHE 1
);


--
-- Name: staff_staffprofile; Type: TABLE; Schema: public; Owner: rr
--

CREATE TABLE public.staff_staffprofile (
    id bigint NOT NULL,
    name character varying(100) NOT NULL,
    role character varying(100) NOT NULL,
    bio text NOT NULL,
    image character varying(100)
);


ALTER TABLE public.staff_staffprofile OWNER TO rr;

--
-- Name: staff_staffprofile_id_seq; Type: SEQUENCE; Schema: public; Owner: rr
--

ALTER TABLE public.staff_staffprofile ALTER COLUMN id ADD GENERATED BY DEFAULT AS IDENTITY (
    SEQUENCE NAME public.staff_staffprofile_id_seq
    START WITH 1
    INCREMENT BY 1
    NO MINVALUE
    NO MAXVALUE
    CACHE 1
);


--
-- Data for Name: auth_group; Type: TABLE DATA; Schema: public; Owner: rr
--

COPY public.auth_group (id, name) FROM stdin;
\.


--
-- Data for Name: auth_group_permissions; Type: TABLE DATA; Schema: public; Owner: rr
--

COPY public.auth_group_permissions (id, group_id, permission_id) FROM stdin;
\.


--
-- Data for Name: auth_permission; Type: TABLE DATA; Schema: public; Owner: rr
--

COPY public.auth_permission (id, name, content_type_id, codename) FROM stdin;
1	Can add log entry	1	add_logentry
2	Can change log entry	1	change_logentry
3	Can delete log entry	1	delete_logentry
4	Can view log entry	1	view_logentry
5	Can add permission	2	add_permission
6	Can change permission	2	change_permission
7	Can delete permission	2	delete_permission
8	Can view permission	2	view_permission
9	Can add group	3	add_group
10	Can change group	3	change_group
11	Can delete group	3	delete_group
12	Can view group	3	view_group
13	Can add user	4	add_user
14	Can change user	4	change_user
15	Can delete user	4	delete_user
16	Can view user	4	view_user
17	Can add content type	5	add_contenttype
18	Can change content type	5	change_contenttype
19	Can delete content type	5	delete_contenttype
20	Can view content type	5	view_contenttype
21	Can add session	6	add_session
22	Can change session	6	change_session
23	Can delete session	6	delete_session
24	Can view session	6	view_session
25	Can add category	7	add_category
26	Can change category	7	change_category
27	Can delete category	7	delete_category
28	Can view category	7	view_category
29	Can add menu item	8	add_menuitem
30	Can change menu item	8	change_menuitem
31	Can delete menu item	8	delete_menuitem
32	Can view menu item	8	view_menuitem
33	Can add room type	9	add_roomtype
34	Can change room type	9	change_roomtype
35	Can delete room type	9	delete_roomtype
36	Can view room type	9	view_roomtype
37	Can add room	10	add_room
38	Can change room	10	change_room
39	Can delete room	10	delete_room
40	Can view room	10	view_room
41	Can add booking	11	add_booking
42	Can change booking	11	change_booking
43	Can delete booking	11	delete_booking
44	Can view booking	11	view_booking
45	Can add bar gallery	12	add_bargallery
46	Can change bar gallery	12	change_bargallery
47	Can delete bar gallery	12	delete_bargallery
48	Can view bar gallery	12	view_bargallery
49	Can add bar menu item	13	add_barmenuitem
50	Can change bar menu item	13	change_barmenuitem
51	Can delete bar menu item	13	delete_barmenuitem
52	Can view bar menu item	13	view_barmenuitem
53	Can add conference room	14	add_conferenceroom
54	Can change conference room	14	change_conferenceroom
55	Can delete conference room	14	delete_conferenceroom
56	Can view conference room	14	view_conferenceroom
57	Can add conference booking	15	add_conferencebooking
58	Can change conference booking	15	change_conferencebooking
59	Can delete conference booking	15	delete_conferencebooking
60	Can view conference booking	15	view_conferencebooking
61	Can add event	16	add_event
62	Can change event	16	change_event
63	Can delete event	16	delete_event
64	Can view event	16	view_event
65	Can add event booking	17	add_eventbooking
66	Can change event booking	17	change_eventbooking
67	Can delete event booking	17	delete_eventbooking
68	Can view event booking	17	view_eventbooking
69	Can add staff profile	18	add_staffprofile
70	Can change staff profile	18	change_staffprofile
71	Can delete staff profile	18	delete_staffprofile
72	Can view staff profile	18	view_staffprofile
73	Can add contact message	19	add_contactmessage
74	Can change contact message	19	change_contactmessage
75	Can delete contact message	19	delete_contactmessage
76	Can view contact message	19	view_contactmessage
77	Can add bar category	20	add_barcategory
78	Can change bar category	20	change_barcategory
79	Can delete bar category	20	delete_barcategory
80	Can view bar category	20	view_barcategory
\.


--
-- Data for Name: auth_user; Type: TABLE DATA; Schema: public; Owner: rr
--

COPY public.auth_user (id, password, last_login, is_superuser, username, first_name, last_name, email, is_staff, is_active, date_joined) FROM stdin;
1	pbkdf2_sha256$1000000$KIEGrS3McexQgzIdvcmy7u$yXH5LoVa64Kwx4fTnQWecYMzrE5OqPxWObcgUx4MQOs=	2025-09-02 13:09:58.486979+03	t	68Whiskey			mrlee@gmail.com	t	t	2025-07-18 11:51:38.409906+03
\.


--
-- Data for Name: auth_user_groups; Type: TABLE DATA; Schema: public; Owner: rr
--

COPY public.auth_user_groups (id, user_id, group_id) FROM stdin;
\.


--
-- Data for Name: auth_user_user_permissions; Type: TABLE DATA; Schema: public; Owner: rr
--

COPY public.auth_user_user_permissions (id, user_id, permission_id) FROM stdin;
\.


--
-- Data for Name: bar_barcategory; Type: TABLE DATA; Schema: public; Owner: rr
--

COPY public.bar_barcategory (id, name, description) FROM stdin;
1	Beer	
2	Spirits	
\.


--
-- Data for Name: bar_bargallery; Type: TABLE DATA; Schema: public; Owner: rr
--

COPY public.bar_bargallery (id, image, caption, uploaded_at) FROM stdin;
1	bar/gallery/bar_gallery.jpg	asdfghjklcvnmvbnm	2025-07-18 13:28:38.329669+03
\.


--
-- Data for Name: bar_barmenuitem; Type: TABLE DATA; Schema: public; Owner: rr
--

COPY public.bar_barmenuitem (id, name, description, price, image, category_id) FROM stdin;
1	White Cap		250.00		1
2	Chrome vodka		750.00		2
\.


--
-- Data for Name: conference_conferencebooking; Type: TABLE DATA; Schema: public; Owner: rr
--

COPY public.conference_conferencebooking (id, booker_name, booker_email, date, start_time, end_time, created_at, conference_room_id) FROM stdin;
\.


--
-- Data for Name: conference_conferenceroom; Type: TABLE DATA; Schema: public; Owner: rr
--

COPY public.conference_conferenceroom (id, name, description, capacity, amenities, price_per_hour, image) FROM stdin;
1	C.R	sdfghjkvbnm,.	20	sdfghjklvbnm,	2000.00	conference/Screenshot_7.png
\.


--
-- Data for Name: contact_contactmessage; Type: TABLE DATA; Schema: public; Owner: rr
--

COPY public.contact_contactmessage (id, name, email, subject, message, created_at) FROM stdin;
\.


--
-- Data for Name: django_admin_log; Type: TABLE DATA; Schema: public; Owner: rr
--

COPY public.django_admin_log (id, action_time, object_id, object_repr, action_flag, change_message, content_type_id, user_id) FROM stdin;
1	2025-07-18 12:10:21.08169+03	1	Jaqueline's Birthday Party	1	[{"added": {}}]	16	1
2	2025-07-18 12:24:05.21718+03	1	Room 1	1	[{"added": {}}]	9	1
3	2025-07-18 12:24:09.813682+03	1	Room 1 (Room 1)	1	[{"added": {}}]	10	1
4	2025-07-18 12:35:42.894748+03	1	Victoria Obanda - Manager	1	[{"added": {}}]	18	1
5	2025-07-18 12:40:24.761644+03	1	Jaqueline's Birthday Party	2	[{"changed": {"fields": ["Image"]}}]	16	1
6	2025-07-18 12:42:41.762885+03	1	Beverages	1	[{"added": {}}]	7	1
7	2025-07-18 12:46:13.909776+03	1	Black tea	1	[{"added": {}}]	8	1
8	2025-07-18 13:21:15.08723+03	1	C.R	1	[{"added": {}}]	14	1
9	2025-07-18 13:22:49.838464+03	1	Beer	1	[{"added": {}}]	20	1
10	2025-07-18 13:23:25.959943+03	1	White Cap	1	[{"added": {}}]	13	1
11	2025-07-18 13:28:38.332367+03	1	asdfghjklcvnmvbnm	1	[{"added": {}}]	12	1
12	2025-07-18 13:29:30.147152+03	2	Spirits	1	[{"added": {}}]	20	1
13	2025-07-18 13:30:21.385437+03	2	Chrome vodka	1	[{"added": {}}]	13	1
\.


--
-- Data for Name: django_content_type; Type: TABLE DATA; Schema: public; Owner: rr
--

COPY public.django_content_type (id, app_label, model) FROM stdin;
1	admin	logentry
2	auth	permission
3	auth	group
4	auth	user
5	contenttypes	contenttype
6	sessions	session
7	menu	category
8	menu	menuitem
9	lodging	roomtype
10	lodging	room
11	lodging	booking
12	bar	bargallery
13	bar	barmenuitem
14	conference	conferenceroom
15	conference	conferencebooking
16	events	event
17	events	eventbooking
18	staff	staffprofile
19	contact	contactmessage
20	bar	barcategory
\.


--
-- Data for Name: django_migrations; Type: TABLE DATA; Schema: public; Owner: rr
--

COPY public.django_migrations (id, app, name, applied) FROM stdin;
1	contenttypes	0001_initial	2025-07-18 11:44:20.221561+03
2	auth	0001_initial	2025-07-18 11:44:20.336681+03
3	admin	0001_initial	2025-07-18 11:44:20.394673+03
4	admin	0002_logentry_remove_auto_add	2025-07-18 11:44:20.408807+03
5	admin	0003_logentry_add_action_flag_choices	2025-07-18 11:44:20.42082+03
6	contenttypes	0002_remove_content_type_name	2025-07-18 11:44:20.448129+03
7	auth	0002_alter_permission_name_max_length	2025-07-18 11:44:20.458334+03
8	auth	0003_alter_user_email_max_length	2025-07-18 11:44:20.470524+03
9	auth	0004_alter_user_username_opts	2025-07-18 11:44:20.478999+03
10	auth	0005_alter_user_last_login_null	2025-07-18 11:44:20.490369+03
11	auth	0006_require_contenttypes_0002	2025-07-18 11:44:20.492036+03
12	auth	0007_alter_validators_add_error_messages	2025-07-18 11:44:20.503331+03
13	auth	0008_alter_user_username_max_length	2025-07-18 11:44:20.519492+03
14	auth	0009_alter_user_last_name_max_length	2025-07-18 11:44:20.530063+03
15	auth	0010_alter_group_name_max_length	2025-07-18 11:44:20.542985+03
16	auth	0011_update_proxy_permissions	2025-07-18 11:44:20.552469+03
17	auth	0012_alter_user_first_name_max_length	2025-07-18 11:44:20.564701+03
18	sessions	0001_initial	2025-07-18 11:44:20.578833+03
19	bar	0001_initial	2025-07-18 11:48:15.9696+03
20	conference	0001_initial	2025-07-18 11:48:16.001989+03
21	contact	0001_initial	2025-07-18 11:48:16.013952+03
22	events	0001_initial	2025-07-18 11:48:16.039512+03
23	lodging	0001_initial	2025-07-18 11:48:16.083769+03
24	staff	0001_initial	2025-07-18 11:48:16.097378+03
25	menu	0001_initial	2025-07-18 12:14:59.207058+03
26	bar	0002_barcategory_barmenuitem_category	2025-07-18 12:55:55.964731+03
\.


--
-- Data for Name: django_session; Type: TABLE DATA; Schema: public; Owner: rr
--

COPY public.django_session (session_key, session_data, expire_date) FROM stdin;
79tg5jrnh6hvu5m0nicqeqf1j3e5bbuj	.eJxVjDkOwjAUBe_iGlnfu01JnzNY3xsOIFuKkwpxdxIpBbRvZt6beNzW6reRFz8nciWMXH63gPGZ2wHSA9u909jbusyBHgo96aBTT_l1O92_g4qj7rUEARyQFSUkqKDQIZbsIDDOeZFZau6KiqyADXp3S2DaCIjMGmMtKvL5Ar3INsQ:1ucgqU:zQbb3SvtenNJK8s6aAHR-bNi42dCHVdsMMFs1Ykdr4A	2025-08-01 11:53:34.51822+03
y86ix6fkvn3m92mj7udeqxh7hm9qjfqz	.eJxVjDkOwjAUBe_iGlnfu01JnzNY3xsOIFuKkwpxdxIpBbRvZt6beNzW6reRFz8nciWMXH63gPGZ2wHSA9u909jbusyBHgo96aBTT_l1O92_g4qj7rUEARyQFSUkqKDQIZbsIDDOeZFZau6KiqyADXp3S2DaCIjMGmMtKvL5Ar3INsQ:1utNxe:Spyb4NYrEPcR7-XO5yZ5KdDGwxhFpFJxO3tMBLBYMik	2025-09-16 13:09:58.495761+03
\.


--
-- Data for Name: events_event; Type: TABLE DATA; Schema: public; Owner: rr
--

COPY public.events_event (id, title, description, date, "time", location, image) FROM stdin;
1	Jaqueline's Birthday Party	Join us on this day to celebrate our remarkable daughter, niece and grand daughter as she turns a year older.\r\nThere will be cake, sweets and juice for all guests\r\nFood and Drinks will also be available at your own cost .	2025-08-17	14:00:00	The White House Lounge grounds	events/Screenshot_11.png
\.


--
-- Data for Name: events_eventbooking; Type: TABLE DATA; Schema: public; Owner: rr
--

COPY public.events_eventbooking (id, attendee_name, attendee_email, created_at, event_id) FROM stdin;
\.


--
-- Data for Name: lodging_booking; Type: TABLE DATA; Schema: public; Owner: rr
--

COPY public.lodging_booking (id, guest_name, guest_email, check_in, check_out, created_at, room_id) FROM stdin;
\.


--
-- Data for Name: lodging_room; Type: TABLE DATA; Schema: public; Owner: rr
--

COPY public.lodging_room (id, number, is_available, room_type_id) FROM stdin;
1	1	t	1
\.


--
-- Data for Name: lodging_roomtype; Type: TABLE DATA; Schema: public; Owner: rr
--

COPY public.lodging_roomtype (id, name, description, price_per_night, amenities, image) FROM stdin;
1	Room 1	1 king size bed	1000.00	hot shower\r\nclean towels\r\nsoap\r\nsandals\r\nwifi	
\.


--
-- Data for Name: menu_category; Type: TABLE DATA; Schema: public; Owner: rr
--

COPY public.menu_category (id, name, description) FROM stdin;
1	Beverages	
\.


--
-- Data for Name: menu_menuitem; Type: TABLE DATA; Schema: public; Owner: rr
--

COPY public.menu_menuitem (id, name, description, price, image, category_id) FROM stdin;
1	Black tea		30.00		1
\.


--
-- Data for Name: staff_staffprofile; Type: TABLE DATA; Schema: public; Owner: rr
--

COPY public.staff_staffprofile (id, name, role, bio, image) FROM stdin;
1	Victoria Obanda	Manager	ASDGHJKL;'ZCVBNM,. SDFGHJKCVB NM,SDFGHJKLERRTYUIOBNM,.DFGHJPOJKL;CCFVBNM,BNVCVBNM,	staff/Screenshot_12.png
\.


--
-- Name: auth_group_id_seq; Type: SEQUENCE SET; Schema: public; Owner: rr
--

SELECT pg_catalog.setval('public.auth_group_id_seq', 1, false);


--
-- Name: auth_group_permissions_id_seq; Type: SEQUENCE SET; Schema: public; Owner: rr
--

SELECT pg_catalog.setval('public.auth_group_permissions_id_seq', 1, false);


--
-- Name: auth_permission_id_seq; Type: SEQUENCE SET; Schema: public; Owner: rr
--

SELECT pg_catalog.setval('public.auth_permission_id_seq', 80, true);


--
-- Name: auth_user_groups_id_seq; Type: SEQUENCE SET; Schema: public; Owner: rr
--

SELECT pg_catalog.setval('public.auth_user_groups_id_seq', 1, false);


--
-- Name: auth_user_id_seq; Type: SEQUENCE SET; Schema: public; Owner: rr
--

SELECT pg_catalog.setval('public.auth_user_id_seq', 1, true);


--
-- Name: auth_user_user_permissions_id_seq; Type: SEQUENCE SET; Schema: public; Owner: rr
--

SELECT pg_catalog.setval('public.auth_user_user_permissions_id_seq', 1, false);


--
-- Name: bar_barcategory_id_seq; Type: SEQUENCE SET; Schema: public; Owner: rr
--

SELECT pg_catalog.setval('public.bar_barcategory_id_seq', 2, true);


--
-- Name: bar_bargallery_id_seq; Type: SEQUENCE SET; Schema: public; Owner: rr
--

SELECT pg_catalog.setval('public.bar_bargallery_id_seq', 1, true);


--
-- Name: bar_barmenuitem_id_seq; Type: SEQUENCE SET; Schema: public; Owner: rr
--

SELECT pg_catalog.setval('public.bar_barmenuitem_id_seq', 2, true);


--
-- Name: conference_conferencebooking_id_seq; Type: SEQUENCE SET; Schema: public; Owner: rr
--

SELECT pg_catalog.setval('public.conference_conferencebooking_id_seq', 1, false);


--
-- Name: conference_conferenceroom_id_seq; Type: SEQUENCE SET; Schema: public; Owner: rr
--

SELECT pg_catalog.setval('public.conference_conferenceroom_id_seq', 1, true);


--
-- Name: contact_contactmessage_id_seq; Type: SEQUENCE SET; Schema: public; Owner: rr
--

SELECT pg_catalog.setval('public.contact_contactmessage_id_seq', 1, false);


--
-- Name: django_admin_log_id_seq; Type: SEQUENCE SET; Schema: public; Owner: rr
--

SELECT pg_catalog.setval('public.django_admin_log_id_seq', 13, true);


--
-- Name: django_content_type_id_seq; Type: SEQUENCE SET; Schema: public; Owner: rr
--

SELECT pg_catalog.setval('public.django_content_type_id_seq', 20, true);


--
-- Name: django_migrations_id_seq; Type: SEQUENCE SET; Schema: public; Owner: rr
--

SELECT pg_catalog.setval('public.django_migrations_id_seq', 26, true);


--
-- Name: events_event_id_seq; Type: SEQUENCE SET; Schema: public; Owner: rr
--

SELECT pg_catalog.setval('public.events_event_id_seq', 1, true);


--
-- Name: events_eventbooking_id_seq; Type: SEQUENCE SET; Schema: public; Owner: rr
--

SELECT pg_catalog.setval('public.events_eventbooking_id_seq', 1, false);


--
-- Name: lodging_booking_id_seq; Type: SEQUENCE SET; Schema: public; Owner: rr
--

SELECT pg_catalog.setval('public.lodging_booking_id_seq', 1, false);


--
-- Name: lodging_room_id_seq; Type: SEQUENCE SET; Schema: public; Owner: rr
--

SELECT pg_catalog.setval('public.lodging_room_id_seq', 1, true);


--
-- Name: lodging_roomtype_id_seq; Type: SEQUENCE SET; Schema: public; Owner: rr
--

SELECT pg_catalog.setval('public.lodging_roomtype_id_seq', 1, true);


--
-- Name: menu_category_id_seq; Type: SEQUENCE SET; Schema: public; Owner: rr
--

SELECT pg_catalog.setval('public.menu_category_id_seq', 1, true);


--
-- Name: menu_menuitem_id_seq; Type: SEQUENCE SET; Schema: public; Owner: rr
--

SELECT pg_catalog.setval('public.menu_menuitem_id_seq', 1, true);


--
-- Name: staff_staffprofile_id_seq; Type: SEQUENCE SET; Schema: public; Owner: rr
--

SELECT pg_catalog.setval('public.staff_staffprofile_id_seq', 1, true);


--
-- Name: auth_group auth_group_name_key; Type: CONSTRAINT; Schema: public; Owner: rr
--

ALTER TABLE ONLY public.auth_group
    ADD CONSTRAINT auth_group_name_key UNIQUE (name);


--
-- Name: auth_group_permissions auth_group_permissions_group_id_permission_id_0cd325b0_uniq; Type: CONSTRAINT; Schema: public; Owner: rr
--

ALTER TABLE ONLY public.auth_group_permissions
    ADD CONSTRAINT auth_group_permissions_group_id_permission_id_0cd325b0_uniq UNIQUE (group_id, permission_id);


--
-- Name: auth_group_permissions auth_group_permissions_pkey; Type: CONSTRAINT; Schema: public; Owner: rr
--

ALTER TABLE ONLY public.auth_group_permissions
    ADD CONSTRAINT auth_group_permissions_pkey PRIMARY KEY (id);


--
-- Name: auth_group auth_group_pkey; Type: CONSTRAINT; Schema: public; Owner: rr
--

ALTER TABLE ONLY public.auth_group
    ADD CONSTRAINT auth_group_pkey PRIMARY KEY (id);


--
-- Name: auth_permission auth_permission_content_type_id_codename_01ab375a_uniq; Type: CONSTRAINT; Schema: public; Owner: rr
--

ALTER TABLE ONLY public.auth_permission
    ADD CONSTRAINT auth_permission_content_type_id_codename_01ab375a_uniq UNIQUE (content_type_id, codename);


--
-- Name: auth_permission auth_permission_pkey; Type: CONSTRAINT; Schema: public; Owner: rr
--

ALTER TABLE ONLY public.auth_permission
    ADD CONSTRAINT auth_permission_pkey PRIMARY KEY (id);


--
-- Name: auth_user_groups auth_user_groups_pkey; Type: CONSTRAINT; Schema: public; Owner: rr
--

ALTER TABLE ONLY public.auth_user_groups
    ADD CONSTRAINT auth_user_groups_pkey PRIMARY KEY (id);


--
-- Name: auth_user_groups auth_user_groups_user_id_group_id_94350c0c_uniq; Type: CONSTRAINT; Schema: public; Owner: rr
--

ALTER TABLE ONLY public.auth_user_groups
    ADD CONSTRAINT auth_user_groups_user_id_group_id_94350c0c_uniq UNIQUE (user_id, group_id);


--
-- Name: auth_user auth_user_pkey; Type: CONSTRAINT; Schema: public; Owner: rr
--

ALTER TABLE ONLY public.auth_user
    ADD CONSTRAINT auth_user_pkey PRIMARY KEY (id);


--
-- Name: auth_user_user_permissions auth_user_user_permissions_pkey; Type: CONSTRAINT; Schema: public; Owner: rr
--

ALTER TABLE ONLY public.auth_user_user_permissions
    ADD CONSTRAINT auth_user_user_permissions_pkey PRIMARY KEY (id);


--
-- Name: auth_user_user_permissions auth_user_user_permissions_user_id_permission_id_14a6b632_uniq; Type: CONSTRAINT; Schema: public; Owner: rr
--

ALTER TABLE ONLY public.auth_user_user_permissions
    ADD CONSTRAINT auth_user_user_permissions_user_id_permission_id_14a6b632_uniq UNIQUE (user_id, permission_id);


--
-- Name: auth_user auth_user_username_key; Type: CONSTRAINT; Schema: public; Owner: rr
--

ALTER TABLE ONLY public.auth_user
    ADD CONSTRAINT auth_user_username_key UNIQUE (username);


--
-- Name: bar_barcategory bar_barcategory_pkey; Type: CONSTRAINT; Schema: public; Owner: rr
--

ALTER TABLE ONLY public.bar_barcategory
    ADD CONSTRAINT bar_barcategory_pkey PRIMARY KEY (id);


--
-- Name: bar_bargallery bar_bargallery_pkey; Type: CONSTRAINT; Schema: public; Owner: rr
--

ALTER TABLE ONLY public.bar_bargallery
    ADD CONSTRAINT bar_bargallery_pkey PRIMARY KEY (id);


--
-- Name: bar_barmenuitem bar_barmenuitem_pkey; Type: CONSTRAINT; Schema: public; Owner: rr
--

ALTER TABLE ONLY public.bar_barmenuitem
    ADD CONSTRAINT bar_barmenuitem_pkey PRIMARY KEY (id);


--
-- Name: conference_conferencebooking conference_conferencebooking_pkey; Type: CONSTRAINT; Schema: public; Owner: rr
--

ALTER TABLE ONLY public.conference_conferencebooking
    ADD CONSTRAINT conference_conferencebooking_pkey PRIMARY KEY (id);


--
-- Name: conference_conferenceroom conference_conferenceroom_pkey; Type: CONSTRAINT; Schema: public; Owner: rr
--

ALTER TABLE ONLY public.conference_conferenceroom
    ADD CONSTRAINT conference_conferenceroom_pkey PRIMARY KEY (id);


--
-- Name: contact_contactmessage contact_contactmessage_pkey; Type: CONSTRAINT; Schema: public; Owner: rr
--

ALTER TABLE ONLY public.contact_contactmessage
    ADD CONSTRAINT contact_contactmessage_pkey PRIMARY KEY (id);


--
-- Name: django_admin_log django_admin_log_pkey; Type: CONSTRAINT; Schema: public; Owner: rr
--

ALTER TABLE ONLY public.django_admin_log
    ADD CONSTRAINT django_admin_log_pkey PRIMARY KEY (id);


--
-- Name: django_content_type django_content_type_app_label_model_76bd3d3b_uniq; Type: CONSTRAINT; Schema: public; Owner: rr
--

ALTER TABLE ONLY public.django_content_type
    ADD CONSTRAINT django_content_type_app_label_model_76bd3d3b_uniq UNIQUE (app_label, model);


--
-- Name: django_content_type django_content_type_pkey; Type: CONSTRAINT; Schema: public; Owner: rr
--

ALTER TABLE ONLY public.django_content_type
    ADD CONSTRAINT django_content_type_pkey PRIMARY KEY (id);


--
-- Name: django_migrations django_migrations_pkey; Type: CONSTRAINT; Schema: public; Owner: rr
--

ALTER TABLE ONLY public.django_migrations
    ADD CONSTRAINT django_migrations_pkey PRIMARY KEY (id);


--
-- Name: django_session django_session_pkey; Type: CONSTRAINT; Schema: public; Owner: rr
--

ALTER TABLE ONLY public.django_session
    ADD CONSTRAINT django_session_pkey PRIMARY KEY (session_key);


--
-- Name: events_event events_event_pkey; Type: CONSTRAINT; Schema: public; Owner: rr
--

ALTER TABLE ONLY public.events_event
    ADD CONSTRAINT events_event_pkey PRIMARY KEY (id);


--
-- Name: events_eventbooking events_eventbooking_pkey; Type: CONSTRAINT; Schema: public; Owner: rr
--

ALTER TABLE ONLY public.events_eventbooking
    ADD CONSTRAINT events_eventbooking_pkey PRIMARY KEY (id);


--
-- Name: lodging_booking lodging_booking_pkey; Type: CONSTRAINT; Schema: public; Owner: rr
--

ALTER TABLE ONLY public.lodging_booking
    ADD CONSTRAINT lodging_booking_pkey PRIMARY KEY (id);


--
-- Name: lodging_room lodging_room_pkey; Type: CONSTRAINT; Schema: public; Owner: rr
--

ALTER TABLE ONLY public.lodging_room
    ADD CONSTRAINT lodging_room_pkey PRIMARY KEY (id);


--
-- Name: lodging_roomtype lodging_roomtype_pkey; Type: CONSTRAINT; Schema: public; Owner: rr
--

ALTER TABLE ONLY public.lodging_roomtype
    ADD CONSTRAINT lodging_roomtype_pkey PRIMARY KEY (id);


--
-- Name: menu_category menu_category_pkey; Type: CONSTRAINT; Schema: public; Owner: rr
--

ALTER TABLE ONLY public.menu_category
    ADD CONSTRAINT menu_category_pkey PRIMARY KEY (id);


--
-- Name: menu_menuitem menu_menuitem_pkey; Type: CONSTRAINT; Schema: public; Owner: rr
--

ALTER TABLE ONLY public.menu_menuitem
    ADD CONSTRAINT menu_menuitem_pkey PRIMARY KEY (id);


--
-- Name: staff_staffprofile staff_staffprofile_pkey; Type: CONSTRAINT; Schema: public; Owner: rr
--

ALTER TABLE ONLY public.staff_staffprofile
    ADD CONSTRAINT staff_staffprofile_pkey PRIMARY KEY (id);


--
-- Name: auth_group_name_a6ea08ec_like; Type: INDEX; Schema: public; Owner: rr
--

CREATE INDEX auth_group_name_a6ea08ec_like ON public.auth_group USING btree (name varchar_pattern_ops);


--
-- Name: auth_group_permissions_group_id_b120cbf9; Type: INDEX; Schema: public; Owner: rr
--

CREATE INDEX auth_group_permissions_group_id_b120cbf9 ON public.auth_group_permissions USING btree (group_id);


--
-- Name: auth_group_permissions_permission_id_84c5c92e; Type: INDEX; Schema: public; Owner: rr
--

CREATE INDEX auth_group_permissions_permission_id_84c5c92e ON public.auth_group_permissions USING btree (permission_id);


--
-- Name: auth_permission_content_type_id_2f476e4b; Type: INDEX; Schema: public; Owner: rr
--

CREATE INDEX auth_permission_content_type_id_2f476e4b ON public.auth_permission USING btree (content_type_id);


--
-- Name: auth_user_groups_group_id_97559544; Type: INDEX; Schema: public; Owner: rr
--

CREATE INDEX auth_user_groups_group_id_97559544 ON public.auth_user_groups USING btree (group_id);


--
-- Name: auth_user_groups_user_id_6a12ed8b; Type: INDEX; Schema: public; Owner: rr
--

CREATE INDEX auth_user_groups_user_id_6a12ed8b ON public.auth_user_groups USING btree (user_id);


--
-- Name: auth_user_user_permissions_permission_id_1fbb5f2c; Type: INDEX; Schema: public; Owner: rr
--

CREATE INDEX auth_user_user_permissions_permission_id_1fbb5f2c ON public.auth_user_user_permissions USING btree (permission_id);


--
-- Name: auth_user_user_permissions_user_id_a95ead1b; Type: INDEX; Schema: public; Owner: rr
--

CREATE INDEX auth_user_user_permissions_user_id_a95ead1b ON public.auth_user_user_permissions USING btree (user_id);


--
-- Name: auth_user_username_6821ab7c_like; Type: INDEX; Schema: public; Owner: rr
--

CREATE INDEX auth_user_username_6821ab7c_like ON public.auth_user USING btree (username varchar_pattern_ops);


--
-- Name: bar_barmenuitem_category_id_66281825; Type: INDEX; Schema: public; Owner: rr
--

CREATE INDEX bar_barmenuitem_category_id_66281825 ON public.bar_barmenuitem USING btree (category_id);


--
-- Name: conference_conferencebooking_conference_room_id_fe8669bf; Type: INDEX; Schema: public; Owner: rr
--

CREATE INDEX conference_conferencebooking_conference_room_id_fe8669bf ON public.conference_conferencebooking USING btree (conference_room_id);


--
-- Name: django_admin_log_content_type_id_c4bce8eb; Type: INDEX; Schema: public; Owner: rr
--

CREATE INDEX django_admin_log_content_type_id_c4bce8eb ON public.django_admin_log USING btree (content_type_id);


--
-- Name: django_admin_log_user_id_c564eba6; Type: INDEX; Schema: public; Owner: rr
--

CREATE INDEX django_admin_log_user_id_c564eba6 ON public.django_admin_log USING btree (user_id);


--
-- Name: django_session_expire_date_a5c62663; Type: INDEX; Schema: public; Owner: rr
--

CREATE INDEX django_session_expire_date_a5c62663 ON public.django_session USING btree (expire_date);


--
-- Name: django_session_session_key_c0390e0f_like; Type: INDEX; Schema: public; Owner: rr
--

CREATE INDEX django_session_session_key_c0390e0f_like ON public.django_session USING btree (session_key varchar_pattern_ops);


--
-- Name: events_eventbooking_event_id_cc070906; Type: INDEX; Schema: public; Owner: rr
--

CREATE INDEX events_eventbooking_event_id_cc070906 ON public.events_eventbooking USING btree (event_id);


--
-- Name: lodging_booking_room_id_08932cbc; Type: INDEX; Schema: public; Owner: rr
--

CREATE INDEX lodging_booking_room_id_08932cbc ON public.lodging_booking USING btree (room_id);


--
-- Name: lodging_room_room_type_id_9ba19392; Type: INDEX; Schema: public; Owner: rr
--

CREATE INDEX lodging_room_room_type_id_9ba19392 ON public.lodging_room USING btree (room_type_id);


--
-- Name: menu_menuitem_category_id_af353a3b; Type: INDEX; Schema: public; Owner: rr
--

CREATE INDEX menu_menuitem_category_id_af353a3b ON public.menu_menuitem USING btree (category_id);


--
-- Name: auth_group_permissions auth_group_permissio_permission_id_84c5c92e_fk_auth_perm; Type: FK CONSTRAINT; Schema: public; Owner: rr
--

ALTER TABLE ONLY public.auth_group_permissions
    ADD CONSTRAINT auth_group_permissio_permission_id_84c5c92e_fk_auth_perm FOREIGN KEY (permission_id) REFERENCES public.auth_permission(id) DEFERRABLE INITIALLY DEFERRED;


--
-- Name: auth_group_permissions auth_group_permissions_group_id_b120cbf9_fk_auth_group_id; Type: FK CONSTRAINT; Schema: public; Owner: rr
--

ALTER TABLE ONLY public.auth_group_permissions
    ADD CONSTRAINT auth_group_permissions_group_id_b120cbf9_fk_auth_group_id FOREIGN KEY (group_id) REFERENCES public.auth_group(id) DEFERRABLE INITIALLY DEFERRED;


--
-- Name: auth_permission auth_permission_content_type_id_2f476e4b_fk_django_co; Type: FK CONSTRAINT; Schema: public; Owner: rr
--

ALTER TABLE ONLY public.auth_permission
    ADD CONSTRAINT auth_permission_content_type_id_2f476e4b_fk_django_co FOREIGN KEY (content_type_id) REFERENCES public.django_content_type(id) DEFERRABLE INITIALLY DEFERRED;


--
-- Name: auth_user_groups auth_user_groups_group_id_97559544_fk_auth_group_id; Type: FK CONSTRAINT; Schema: public; Owner: rr
--

ALTER TABLE ONLY public.auth_user_groups
    ADD CONSTRAINT auth_user_groups_group_id_97559544_fk_auth_group_id FOREIGN KEY (group_id) REFERENCES public.auth_group(id) DEFERRABLE INITIALLY DEFERRED;


--
-- Name: auth_user_groups auth_user_groups_user_id_6a12ed8b_fk_auth_user_id; Type: FK CONSTRAINT; Schema: public; Owner: rr
--

ALTER TABLE ONLY public.auth_user_groups
    ADD CONSTRAINT auth_user_groups_user_id_6a12ed8b_fk_auth_user_id FOREIGN KEY (user_id) REFERENCES public.auth_user(id) DEFERRABLE INITIALLY DEFERRED;


--
-- Name: auth_user_user_permissions auth_user_user_permi_permission_id_1fbb5f2c_fk_auth_perm; Type: FK CONSTRAINT; Schema: public; Owner: rr
--

ALTER TABLE ONLY public.auth_user_user_permissions
    ADD CONSTRAINT auth_user_user_permi_permission_id_1fbb5f2c_fk_auth_perm FOREIGN KEY (permission_id) REFERENCES public.auth_permission(id) DEFERRABLE INITIALLY DEFERRED;


--
-- Name: auth_user_user_permissions auth_user_user_permissions_user_id_a95ead1b_fk_auth_user_id; Type: FK CONSTRAINT; Schema: public; Owner: rr
--

ALTER TABLE ONLY public.auth_user_user_permissions
    ADD CONSTRAINT auth_user_user_permissions_user_id_a95ead1b_fk_auth_user_id FOREIGN KEY (user_id) REFERENCES public.auth_user(id) DEFERRABLE INITIALLY DEFERRED;


--
-- Name: bar_barmenuitem bar_barmenuitem_category_id_66281825_fk_bar_barcategory_id; Type: FK CONSTRAINT; Schema: public; Owner: rr
--

ALTER TABLE ONLY public.bar_barmenuitem
    ADD CONSTRAINT bar_barmenuitem_category_id_66281825_fk_bar_barcategory_id FOREIGN KEY (category_id) REFERENCES public.bar_barcategory(id) DEFERRABLE INITIALLY DEFERRED;


--
-- Name: conference_conferencebooking conference_conferenc_conference_room_id_fe8669bf_fk_conferenc; Type: FK CONSTRAINT; Schema: public; Owner: rr
--

ALTER TABLE ONLY public.conference_conferencebooking
    ADD CONSTRAINT conference_conferenc_conference_room_id_fe8669bf_fk_conferenc FOREIGN KEY (conference_room_id) REFERENCES public.conference_conferenceroom(id) DEFERRABLE INITIALLY DEFERRED;


--
-- Name: django_admin_log django_admin_log_content_type_id_c4bce8eb_fk_django_co; Type: FK CONSTRAINT; Schema: public; Owner: rr
--

ALTER TABLE ONLY public.django_admin_log
    ADD CONSTRAINT django_admin_log_content_type_id_c4bce8eb_fk_django_co FOREIGN KEY (content_type_id) REFERENCES public.django_content_type(id) DEFERRABLE INITIALLY DEFERRED;


--
-- Name: django_admin_log django_admin_log_user_id_c564eba6_fk_auth_user_id; Type: FK CONSTRAINT; Schema: public; Owner: rr
--

ALTER TABLE ONLY public.django_admin_log
    ADD CONSTRAINT django_admin_log_user_id_c564eba6_fk_auth_user_id FOREIGN KEY (user_id) REFERENCES public.auth_user(id) DEFERRABLE INITIALLY DEFERRED;


--
-- Name: events_eventbooking events_eventbooking_event_id_cc070906_fk_events_event_id; Type: FK CONSTRAINT; Schema: public; Owner: rr
--

ALTER TABLE ONLY public.events_eventbooking
    ADD CONSTRAINT events_eventbooking_event_id_cc070906_fk_events_event_id FOREIGN KEY (event_id) REFERENCES public.events_event(id) DEFERRABLE INITIALLY DEFERRED;


--
-- Name: lodging_booking lodging_booking_room_id_08932cbc_fk_lodging_room_id; Type: FK CONSTRAINT; Schema: public; Owner: rr
--

ALTER TABLE ONLY public.lodging_booking
    ADD CONSTRAINT lodging_booking_room_id_08932cbc_fk_lodging_room_id FOREIGN KEY (room_id) REFERENCES public.lodging_room(id) DEFERRABLE INITIALLY DEFERRED;


--
-- Name: lodging_room lodging_room_room_type_id_9ba19392_fk_lodging_roomtype_id; Type: FK CONSTRAINT; Schema: public; Owner: rr
--

ALTER TABLE ONLY public.lodging_room
    ADD CONSTRAINT lodging_room_room_type_id_9ba19392_fk_lodging_roomtype_id FOREIGN KEY (room_type_id) REFERENCES public.lodging_roomtype(id) DEFERRABLE INITIALLY DEFERRED;


--
-- Name: menu_menuitem menu_menuitem_category_id_af353a3b_fk_menu_category_id; Type: FK CONSTRAINT; Schema: public; Owner: rr
--

ALTER TABLE ONLY public.menu_menuitem
    ADD CONSTRAINT menu_menuitem_category_id_af353a3b_fk_menu_category_id FOREIGN KEY (category_id) REFERENCES public.menu_category(id) DEFERRABLE INITIALLY DEFERRED;


--
-- PostgreSQL database dump complete
--

